{
  "dataset_name": "H.sapiens_promoter_BERT5mC",
  "dataset_csv": "external data/5mC/H.sapiens_promoter_BERT5mC/test.csv",
  "ood_axis": "unseen_type",
  "fixed_species": "H.sapiens",
  "fixed_task": "",
  "sweep_values": [
    "4mC",
    "5hmC",
    "6mA"
  ],
  "primary_aggregate_rule": "max",
  "selected_aggregate_metrics": {
    "ACC": 0.6391906640920157,
    "F1": 0.2648145613794991,
    "MCC": 0.24801179725238784,
    "AUROC": 0.772426220504473,
    "AP": 0.1591359492233631,
    "SN": 0.8322580645161289,
    "SP": 0.6228394499590201,
    "threshold": 0.5
  },
  "per_prompt": [
    {
      "prompt_name": "4mC",
      "ACC": 0.7874905549492066,
      "F1": 0.15918150411905393,
      "MCC": 0.06359729028869171,
      "AUROC": 0.6411816878877461,
      "AP": 0.10952219794766287,
      "SN": 0.2576344086021505,
      "SP": 0.8323649940806849,
      "threshold": 0.5
    },
    {
      "prompt_name": "5hmC",
      "ACC": 0.6899448688887023,
      "F1": 0.2922447936629615,
      "MCC": 0.2788031565516385,
      "AUROC": 0.8063561017797984,
      "AP": 0.1932985406808088,
      "SN": 0.8198566308243727,
      "SP": 0.678942415687703,
      "threshold": 0.5
    },
    {
      "prompt_name": "6mA",
      "ACC": 0.7877368259032267,
      "F1": 0.15806766716987833,
      "MCC": 0.06229792120578038,
      "AUROC": 0.6393825886072141,
      "AP": 0.1090304954081263,
      "SN": 0.2551971326164874,
      "SP": 0.8328385392951462,
      "threshold": 0.5
    }
  ],
  "aggregated": {
    "max": {
      "ACC": 0.6391906640920157,
      "F1": 0.2648145613794991,
      "MCC": 0.24801179725238784,
      "AUROC": 0.772426220504473,
      "AP": 0.1591359492233631,
      "SN": 0.8322580645161289,
      "SP": 0.6228394499590201,
      "threshold": 0.5
    },
    "mean": {
      "ACC": 0.782184535303501,
      "F1": 0.18725199448644583,
      "MCC": 0.09752292839023255,
      "AUROC": 0.744536868885183,
      "AP": 0.14706588358949993,
      "SN": 0.32136200716845875,
      "SP": 0.8212123971708709,
      "threshold": 0.5
    }
  },
  "checkpoint": "external data/models/MOSAIC_zero_shot_reference.ckpt",
  "config": "MOSAIC_seed73.yaml",
  "generated_at": "2026-04-12T13:31:09.517320"
}