Dataset,SNNRice,ENet,UniMethylNet,Other avg,MOSAIC
5mC / H.sapiens,0.2728681204061609,0.0439478210988677,0.0601104307073071,0.12564212407077854,0.2788031565516385
6mA / O.sativa,0.5243889355101898,-0.0051233064767536,0.481204380175,0.33349000306947874,0.5525939302172915
4mC / E.coli,0.5606482349349806,-0.1725680610159927,0.3431001569771102,0.24372677696536604,0.5321937427120916
