{
  "dataset_name": "O.sativa_Rice_Chen",
  "dataset_csv": "external data/6mA/O.sativa_Rice_Chen/test.csv",
  "ood_axis": "unseen_species",
  "fixed_species": "",
  "fixed_task": "6mA",
  "sweep_values": [
    "A.thaliana",
    "F.vesca",
    "C.equisetifolia",
    "R.chinensis"
  ],
  "primary_aggregate_rule": "max",
  "selected_aggregate_metrics": {
    "ACC": 0.7619318181818182,
    "F1": 0.7731456415809421,
    "MCC": 0.5264426840446476,
    "AUROC": 0.8414223915289255,
    "AP": 0.8374669398497046,
    "SN": 0.8113636363636354,
    "SP": 0.7124999999999991,
    "threshold": 0.5
  },
  "per_prompt": [
    {
      "prompt_name": "A.thaliana",
      "ACC": 0.7789772727272727,
      "F1": 0.7773325701202061,
      "MCC": 0.558015437599833,
      "AUROC": 0.8417942923553718,
      "AP": 0.8366142691575799,
      "SN": 0.7715909090909082,
      "SP": 0.7863636363636355,
      "threshold": 0.5
    },
    {
      "prompt_name": "F.vesca",
      "ACC": 0.7789772727272727,
      "F1": 0.7614960147148988,
      "MCC": 0.564047840068776,
      "AUROC": 0.8448360020661158,
      "AP": 0.8624525004713091,
      "SN": 0.7056818181818174,
      "SP": 0.8522727272727263,
      "threshold": 0.5
    },
    {
      "prompt_name": "C.equisetifolia",
      "ACC": 0.7630681818181818,
      "F1": 0.7687188019966722,
      "MCC": 0.526765606721152,
      "AUROC": 0.8277485795454544,
      "AP": 0.8221518395974382,
      "SN": 0.7874999999999991,
      "SP": 0.7386363636363628,
      "threshold": 0.5
    },
    {
      "prompt_name": "R.chinensis",
      "ACC": 0.7784090909090909,
      "F1": 0.7753456221198156,
      "MCC": 0.5570253785523023,
      "AUROC": 0.844425361570248,
      "AP": 0.8442501372820723,
      "SN": 0.7647727272727264,
      "SP": 0.7920454545454536,
      "threshold": 0.5
    }
  ],
  "aggregated": {
    "max": {
      "ACC": 0.7619318181818182,
      "F1": 0.7731456415809421,
      "MCC": 0.5264426840446476,
      "AUROC": 0.8414223915289255,
      "AP": 0.8374669398497046,
      "SN": 0.8113636363636354,
      "SP": 0.7124999999999991,
      "threshold": 0.5
    },
    "mean": {
      "ACC": 0.7761363636363636,
      "F1": 0.7722543352601156,
      "MCC": 0.5525939302172915,
      "AUROC": 0.8465909090909092,
      "AP": 0.8502655957181693,
      "SN": 0.7590909090909083,
      "SP": 0.7931818181818172,
      "threshold": 0.5
    }
  },
  "checkpoint": "external data/models/MOSAIC_zero_shot_reference.ckpt",
  "config": "MOSAIC_seed73.yaml",
  "generated_at": "2026-04-12T13:28:24.956140"
}